<?xml version="1.0" encoding="UTF-8" ?>
<!DOCTYPE log4j:configuration SYSTEM "log4j.dtd">
<log4j:configuration debug="true">
    <!--Console appender -->
    <appender name="stdout" class="org.apache.log4j.ConsoleAppender">
        <layout class="org.apache.log4j.PatternLayout">
            <param name="ConversionPattern" value="%d{yyyy-MM-dd HH:mm:ss} %p %m%n"/>
        </layout>
    </appender>

    <root>
        <level value="DEBUG"/>
        <appender-ref ref="stdout"/>
    </root>
</log4j:configuration>